S.no.,Research Problem,Problem Statement,Proposed AI/Software Solution
1,Cross-dataset diabetes prediction,How can diabetes prediction models maintain reliable performance across different populations and datasets?,Develop a domain-adaptive ML model trained and validated across multiple independent diabetes datasets.
2,Early-stage diabetes risk prediction,How can AI identify individuals at high risk of developing diabetes before clinical diagnosis?,"Develop an explainable ML model using demographic, lifestyle, clinical and biochemical features for early risk prediction."
3,Missing clinical data,How can diabetes prediction remain accurate when important clinical or laboratory parameters are missing?,Develop an ML model using missing-data imputation and robust feature-learning techniques.
4,Personalized diabetes treatment,How can AI predict which treatment strategy may be more effective for an individual patient?,"Develop a personalized treatment-response prediction model using patient characteristics, clinical history and treatment outcomes."
5,Diabetes complication prediction,How can AI predict the risk of developing diabetes-related complications at an early stage?,"Develop multi-task ML models to predict complications such as nephropathy, retinopathy and cardiovascular risk."
6,Explainable diabetes diagnosis,How can diabetes prediction models provide clinically understandable explanations for their predictions?,Develop an explainable AI framework that identifies and visualizes the most influential biomarkers and clinical features.
7,Multimodal diabetes prediction,"How can information from clinical records, biomarkers, lifestyle data and medical images be integrated for improved diabetes prediction?",Develop a multimodal AI model that combines heterogeneous biomedical data sources for disease prediction.
8,Population-specific diabetes prediction,"How can AI models account for differences in genetic, environmental and lifestyle factors across populations?","Develop population-aware ML models using demographic, environmental and clinical features and evaluate their generalizability."
9,Biomarker discovery for diabetes,How can AI identify combinations of biomarkers that may improve early detection and disease-risk stratification?,"Apply feature selection, clustering and machine-learning techniques to discover potentially informative biomarker combinations."
10,Automated research-gap discovery,"How can AI analyse multiple diabetes research papers to identify recurring limitations, unexplored combinations and emerging research gaps?","Develop an NLP-based literature-mining system that extracts methods, datasets, findings, limitations and future directions from papers and generates evidence-based research problems."
